d_opt,d_true,disc,iter_inner,iter_outer,temp_inner,temp_outer,time
0.46615513044738416,0.46,0.01,50,300,100,3200,0.9491602249909192
