d_opt,d_true,disc,iter_inner,iter_outer,temp_inner,temp_outer,time
0.45916798212830867,0.46,0.01,50,300,100,3800,2.0568799290340394
