d_opt,d_true,disc,iters,time
0.5,0.5,0.1,1000,0.04737599706277251
0.46,0.46,0.01,111000,620.0686262710951
