d_opt,d_true,disc,iter_inner,iter_outer,temp_inner,temp_outer,time
0.46262539571474365,0.46,0.01,100,300,100,4800,1.8693179490510374
