d_opt,d_true,disc,iter_inner,iter_outer,temp_inner,temp_outer,time
0.46084796162034664,0.46,0.01,50,300,100,3000,1.1068844019901007
