Decision0,Decision1
1,3.715088941
1,3.0239714316
1,2.6751216411
1,2.5237339962
1,2.4513312095
1,1.9642579171
1,1.4837666962
1,1.3323790513
1,0.8321416159
1,0.6215153273
