d_opt,d_true,disc,iters,time
0.5,0.5,0.1,1000,0.04763364093378186
0.47000000000000003,0.46,0.01,22000,29.84573191893287
