d_opt,d_true,disc,iters,temp,time
0.466548437815311,0.5,0.1,1000,1000,341.76589314313605
0.46122996673183586,0.45,0.01,4000,4000,12399.18520585401
