d_opt,d_true,disc,iters,temp,time
0.5302035275390397,0.5,0.1,500,100,36.45575118204579
0.45727502860169444,0.45,0.01,1000,1000,352.9807413453236
