d_opt,d_true,disc,inner,iters,time
0.5,0.5,0.1,100,1000,0.013172775506973267
0.46,0.46,0.01,100,870000,28.585127720609307
